,Unnamed: 0,App,Price (USD),Total Ratings,Category,Total Number of Ratings,user_rating,Average Ratings
1952,4453,Lifeline...,1.99,21347,Games,1187,4.5,4.5
1953,2860,RollerCoaster Tycoon® 4 Mobile™,0.0,21407,Games,1146,3.5,4.0
1954,3193,Gods of Olympus,0.0,21414,Games,540,4.5,5.0
1955,158,Peggle Classic,0.99,21416,Games,974,4.5,4.5
1956,1643,Robot Unicorn Attack 2,0.0,21432,Games,269,4.5,4.5
1957,5049,Colorfly : Coloring Book for Adults - Free Games,0.0,21472,Games,245,4.5,4.5
1958,3417,Inbox by Gmail,0.0,21561,Productivity,373,4.5,4.5
1959,2287,Jelly Splash,0.0,21601,Games,14,4.0,3.5
1960,41,Line Rider iRide™,1.99,21609,Lifestyle,69,3.5,2.5
1961,687,NBA JAM by EA SPORTS™,4.99,21648,Games,460,4.0,3.5
1962,3312,Juice Jam,0.0,21733,Games,82,4.5,4.5
1963,7550,Restaurant DASH with Gordon Ramsay,0.0,21804,Games,803,4.5,4.0
1964,54,iFart - The Original Fart Sounds App,1.99,21825,Lifestyle,10,3.0,4.0
1965,1336,MLB.com At Bat,0.0,21830,Sports,247,3.5,4.5
1966,2517,Capital One for iPad,0.0,21858,Business,389,4.5,4.5
1967,3577,Inside Out Thought Bubbles,0.0,21881,Games,113,4.5,4.0
1968,5652,Vlogger Go Viral - Clicker Game & Vlog Simulator,0.0,21977,Games,563,5.0,5.0
1969,3520,Amazing Thief,0.0,21984,Games,5528,4.0,4.0
1970,2113,Solitaire Classic Card Game™,0.0,22079,Games,193,4.5,4.0
1971,1901,Sky Guide: View Stars Night or Day,2.99,22100,Utility,1939,5.0,5.0
1972,489,Robot Unicorn Attack,0.99,22150,Games,1141,4.0,4.5
1973,1467,Offroad Legends,0.99,22281,Games,49,4.5,4.0
1974,681,Airbnb,0.0,22302,Travel,0,4.0,0.0
1975,2242,Where's My Water? 2,0.0,22302,Games,221,3.5,4.0
1976,1884,iGun Pro HD - The Original Gun Application,0.0,22324,Games,543,4.5,4.5
1977,4410,Kill Shot Bravo,0.0,22444,Games,148,4.5,4.5
1978,1688,Traffic Racer,0.0,22458,Games,369,4.5,4.5
1979,3235,Dungeon Hunter 5 - Multiplayer RPG on iOS,0.0,22513,Games,62,4.5,4.5
1980,199,Moto X Mayhem,0.99,22557,Games,526,4.0,4.0
1981,1768,Angry Birds Star Wars HD,0.0,22674,Games,10,4.5,4.5
1982,1662,"Shopular Coupons, Weekly Deals for Target, Walmart",0.0,22729,Lifestyle,997,5.0,5.0
1983,4046,Storm Radar,0.0,22792,Travel,1563,4.5,3.5
1984,2840,Crazy Taxi™ City Rush,0.0,22877,Games,993,4.5,4.5
1985,3362,Empires & Allies,0.0,22902,Games,102,4.5,4.0
1986,4783,PAC-MAN 256 - Endless Arcade Maze,0.0,23015,Games,1730,4.5,4.5
1987,3543,"RainbowKey - Color keyboard themes, fonts & GIF",0.0,23063,Utility,101,4.5,4.5
1988,6171,Castle Crush: Epic Strategy Game,0.0,23148,Games,684,5.0,5.0
1989,2324,100 PICS Quiz - guess the picture trivia games,0.0,23160,Games,44,4.5,4.5
1990,182,"Grindr - Gay and same sex guys chat, meet and date",0.0,23201,Social Networking,14,2.5,2.0
1991,4889,Design Home,0.0,23298,Games,468,4.5,4.0
1992,1851,Toca Hair Salon 2,2.99,23349,Education,308,4.5,4.0
1993,490,SimSimi,0.0,23530,Social Networking,7,4.0,2.5
1994,6535,My Cafe: Recipes & Stories - World Restaurant Game,0.0,23556,Games,604,4.5,4.5
1995,1755,Angry Birds Friends,0.0,23655,Games,376,4.0,4.5
1996,4413,Words Crush: Hidden Words!,0.0,23735,Games,102,4.5,4.5
1997,956,Modern Combat 3: Fallen Nation,6.99,23766,Games,582,4.5,4.5
1998,2571,Square Cash - Send Money for Free,0.0,23775,Business,132,4.5,4.5
1999,2422,Vainglory,0.0,23779,Games,128,4.5,4.0
2000,177,Crush the Castle,0.99,23810,Games,582,3.5,4.0
2001,3571,The Room Three,4.99,23878,Games,21769,5.0,5.0
2002,2510,Assassin's Creed Pirates,0.0,23895,Games,1660,4.5,4.5
2003,3876,Clash of Kings - CoK,0.0,23910,Games,7,4.5,3.5
2004,6820,Miitomo,0.0,23965,Social Networking,299,4.0,4.5
2005,6236,Pigment - Coloring Book for Adults,0.0,23967,Lifestyle,240,4.5,4.5
2006,5689,Hungry Shark World,0.0,24057,Games,340,4.5,4.5
2007,10680,Paper.io,0.0,24097,Games,4469,4.0,4.5
2008,3339,Mercari: Shopping Marketplace to Buy & Sell Stuff,0.0,24244,Lifestyle,215,4.0,3.5
2009,220,NFL Sunday Ticket,0.0,24258,Lifestyle,305,3.0,2.5
2010,518,Osmos for iPad,4.99,24306,Games,6,4.5,5.0
2011,1552,Where's My Perry?,2.99,24314,Games,123,4.5,3.5
2012,1990,Microsoft Excel,0.0,24430,Productivity,357,4.5,4.5
2013,6798,Wizard of OZ: Magic Match,0.0,24507,Games,1198,4.5,4.5
2014,2187,Faded - Photo Editor,1.99,24530,Utility,3551,4.5,4.5
2015,3781,Survivors: the Quest®,0.0,24547,Games,2262,4.0,4.0
2016,302,5-0 Radio Pro Police Scanner (Extra Feeds),3.99,24553,Education,2620,4.0,4.5
2017,3016,Google Sheets,0.0,24602,Productivity,39,4.5,4.5
2018,1048,Flashlight ◎,0.0,24744,Business,171,4.5,4.0
2019,8813,Tank War - Geometry Go Shot Color Dot.IO,0.0,24760,Games,1251,4.5,4.5
2020,3196,Turbo Dismount®,0.0,24808,Games,937,4.5,4.5
2021,9061,Angry Birds Blast,0.0,24878,Games,712,4.5,4.5
2022,1049,Real Steel,0.99,24880,Games,13,4.5,4.0
2023,2631,Monument Valley,3.99,24909,Games,510,4.5,4.5
2024,3748,Mobile Strike,0.0,24935,Games,265,3.5,3.5
2025,2841,Disco Zoo,0.0,24999,Games,573,4.5,4.5
2026,2556,Royal Revolt 2 – Defend Your Castle,0.0,25152,Games,153,4.5,5.0
2027,2025,Musi - Unlimited Music For YouTube,0.0,25193,Lifestyle,245,4.5,5.0
2028,527,Ringtones for iPhone & Ringtone Maker,0.0,25403,Lifestyle,1598,4.5,4.5
2029,521,Living Earth - Clock & Weather,2.99,25475,Utility,71,4.5,4.0
2030,1625,Rayman Jungle Run,2.99,25517,Games,273,4.5,4.0
2031,4658,Triller - Music Video & Film Maker,0.0,25683,Utility,186,5.0,4.5
2032,3623,N.O.V.A. 3: Freedom Edition - Near Orbit Vanguard Alliance game,0.0,25716,Games,25716,4.5,4.5
2033,3056,Looney Tunes Dash!,0.0,25806,Games,43,4.5,4.0
2034,4074,War Dragons,0.0,25834,Games,115,4.5,4.5
2035,5816,Tap Sports Baseball 2016,0.0,25834,Games,2004,4.5,4.5
2036,10439,SMILE Inc.,0.0,25859,Games,839,5.0,4.5
2037,2597,DoorDash - Food Delivery,0.0,25947,Lifestyle,3,4.5,3.5
2038,1480,FreePrints – Photos Delivered,0.0,26060,Utility,0,5.0,0.0
2039,304,Sing Karaoke Songs Unlimited with StarMaker,0.0,26227,Lifestyle,7,4.0,4.5
2040,1589,Bad Piggies,0.0,26259,Games,38,4.5,3.5
2041,866,HBO GO,0.0,26278,Lifestyle,9,3.0,3.0
2042,1531,My Mixtapez Music,0.0,26286,Lifestyle,2,4.5,3.5
2043,1275,Akinator the Genie,1.99,26333,Lifestyle,537,4.5,4.5
2044,243,Gilt,0.0,26353,Lifestyle,3,3.5,2.5
2045,707,Eden - World Builder,0.99,26419,Games,1157,4.0,4.5
2046,279,MONOPOLY Game,0.99,26482,Games,331,3.5,2.5
2047,1233,Grand Theft Auto III,4.99,26547,Games,1682,4.0,4.5
2048,6898,Driving School 2016,0.0,26685,Games,1961,4.5,4.5
2049,581,"Flashlight for iPhone , iPod and iPad",0.0,26697,Utility,3109,4.5,4.5
2050,296,Trenches,0.99,26732,Games,1428,4.0,4.5
2051,779,Google Translate,0.0,26786,Utility,27,3.5,4.5
2052,1435,Bike Race Pro - Top Motorcycle Racing Game,0.99,26881,Games,5,4.5,3.5
2053,4803,Animal Jam - Play Wild!,0.0,26990,Games,189,4.5,4.5
2054,2478,Cops N Robbers (FPS) - Block Survival Multiplayer,0.0,27122,Games,0,4.5,0.0
2055,589,NFL,0.0,27317,Sports,2,2.5,5.0
2056,3505,Five Nights at Freddy's,2.99,27388,Games,27388,4.5,4.5
2057,2017,Plant Nanny - Water Reminder with Cute Plants,0.0,27421,Lifestyle,2544,4.5,4.5
2058,2999,Make It Rain: The Love of Money,0.0,27556,Games,35,4.5,5.0
2059,1523,Temple Run: Brave,1.99,27593,Games,386,4.0,4.0
2060,3506,Marco Polo Video Walkie Talkie,0.0,27662,Social Networking,381,4.5,4.5
2061,1353,Tom's Love Letters,0.0,27711,Lifestyle,1965,4.0,4.5
2062,2461,Batman: Arkham Origins,0.0,27738,Games,14077,4.5,4.5
2063,4405,Browser and File Manager for Documents,0.0,27750,Utility,27213,5.0,5.0
2064,1007,Truecaller - Spam Identification & Block,0.0,27791,Utility,5779,4.5,4.5
2065,2712,NOAA Radar Pro – Weather Alerts & Forecast,3.99,28032,Travel,3123,4.5,4.5
2066,1054,Doodle Jump FREE - BE WARNED: Insanely addictive,0.0,28153,Games,100,4.0,4.0
2067,7046,FINAL FANTASY BRAVE EXVIUS,0.0,28187,Games,38,4.5,4.0
2068,741,Splice - Video Editor + Movie Maker by GoPro,0.0,28189,Utility,2723,4.5,5.0
2069,4346,Basketball Stars™,0.0,28216,Games,1508,4.0,4.5
2070,616,GroupMe,0.0,28260,Social Networking,294,4.5,4.5
2071,1822,Bloons TD 5 HD,2.99,28341,Games,184,4.5,5.0
2072,3845,Dude Perfect 2,0.0,28361,Games,681,4.5,4.5
2073,305,TurboScan™ Pro - document & receipt scanner: scan multiple pages and photos to PDF,4.99,28388,Business,7009,5.0,5.0
2074,1842,Yoga Studio,4.99,28439,Lifestyle,1067,5.0,5.0
2075,2701,"Weather Live - Weather Forecast, Radar and Alerts",4.99,28497,Travel,4672,4.5,4.5
2076,7855,Block! Hexa Puzzle,0.0,28524,Games,1307,4.5,4.5
2077,3767,YouTube Kids,0.0,28560,Lifestyle,125,4.5,4.5
2078,1689,"Karaoke - Sing Karaoke, Unlimited Songs!",0.0,28606,Lifestyle,955,4.5,4.5
2079,1823,Followers + for Instagram - Follower Analytics,0.0,28633,Social Networking,402,4.0,3.5
2080,2519,Quik – GoPro Video Editor to edit clips with music,0.0,28654,Utility,21,4.5,4.5
2081,695,Rat On A Skateboard,1.99,28672,Games,11,4.5,4.5
2082,4400,Pop the Lock,0.0,28754,Games,1656,4.5,4.0
2083,4093,Extreme Car Driving Simulator Free,0.0,28900,Games,7165,4.5,4.5
2084,1933,Megapolis,0.0,28902,Games,92,4.5,4.5
2085,1996,PicsArt Photo Studio: Collage Maker & Pic Editor,0.0,29078,Utility,6,4.5,4.0
2086,2363,Trials Frontier,0.0,29090,Games,23,4.5,4.0
2087,113,"HuffPost - News, Politics & Entertainment",0.0,29107,Education,85,3.0,4.0
2088,427,"Documents 6 - File manager, PDF reader and browser",0.0,29110,Productivity,324,4.5,4.5
2089,542,Splashtop Personal - Remote Desktop,4.99,29376,Business,11,4.5,5.0
2090,4311,Blossom Blast Saga - Fun Flower Match & Grow Game,0.0,29475,Games,170,4.5,4.5
2091,523,Talking Tom Cat for iPad,0.0,29492,Lifestyle,51,3.5,4.0
2092,2664,A Dark Room,0.99,29540,Games,2749,4.5,5.0
2093,5863,Twist,0.0,29548,Games,29548,4.0,4.0
2094,102,Color Splash,0.99,29554,Utility,55,4.0,5.0
2095,766,Legendary Wars,0.99,29739,Games,2253,4.5,5.0
2096,3716,Dog Simulator 2015,0.0,29817,Games,6173,4.5,4.5
2097,4881,World Chef: Restaurant & Cooking Game,0.0,29886,Games,103,4.5,4.5
2098,3829,WWE Immortals,0.0,29918,Games,1401,4.5,4.5
2099,1208,"Etsy: Shop Handmade, Vintage & Creative Goods",0.0,30434,Lifestyle,309,4.5,5.0
2100,318,Southwest Airlines,0.0,30552,Travel,18,3.0,2.5
2101,5423,Rolling Sky,0.0,30670,Games,279,4.5,4.5
2102,2882,Crazy Kitchen,0.0,30704,Games,67,5.0,4.5
2103,1293,Lep's World Plus - super best platformer games,0.99,30830,Games,100,4.5,4.5
2104,1158,Bandsintown Concerts,0.0,30845,Lifestyle,105,4.5,5.0
2105,3035,100 Balls,0.0,30967,Games,845,4.5,4.0
2106,793,Talking Ben the Dog for iPad,0.0,31116,Lifestyle,77,4.0,4.5
2107,5198,Recolor - Coloring Book,0.0,31180,Lifestyle,76,4.5,5.0
2108,3631,Neko Atsume: Kitty Collector,0.0,31219,Games,249,4.5,4.5
2109,440,Hotels & Vacation Rentals by Booking.com,0.0,31261,Travel,374,4.5,4.5
2110,1563,Zombie Tsunami,0.0,31311,Games,83,4.5,4.5
2111,21,Crash Bandicoot Nitro Kart 3D,2.99,31456,Games,4178,4.0,3.5
2112,3573,Stick Hero,0.0,31727,Games,6017,4.5,4.0
2113,250,Scanner Pro - PDF document scanner app with OCR,3.99,31912,Business,154,4.5,5.0
2114,3599,Fun Run 2 - Multiplayer Race,0.0,31981,Games,276,4.5,4.5
2115,4300,Arrow Ambush,0.0,32020,Games,192,5.0,4.0
2116,3303,Solitaire TriPeaks: Classic Card Game,0.0,32215,Games,442,4.5,4.5
2117,229,Camera+,1.99,32338,Utility,261,4.0,4.5
2118,720,HotelTonight - Great Deals on Last Minute Hotels,0.0,32341,Travel,1707,4.5,5.0
2119,5696,Candy Crush Jelly Saga,0.0,32395,Games,469,4.0,4.5
2120,1607,Into the Dead,0.0,32492,Games,2346,4.5,4.5
2121,963,Hotspot Shield Free VPN Proxy & Wi-Fi Privacy,0.0,32499,Productivity,438,4.5,4.5
2122,618,Jenga,0.0,32527,Games,4411,4.5,4.0
2123,2734,Grand Theft Auto: San Andreas,6.99,32533,Games,188,4.0,4.0
2124,1058,FotoRus -Camera & Photo Editor & Pic Collage Maker,0.0,32558,Utility,147,5.0,4.5
2125,160,I Am T-Pain 2.0,2.99,32650,Lifestyle,754,3.5,3.5
2126,1745,Talking Angela for iPad,0.0,32763,Lifestyle,191,3.5,3.5
2127,3984,Microsoft Outlook - email and calendar,0.0,32807,Productivity,178,3.5,4.5
2128,181,NBC News,0.0,32881,Education,7,3.5,2.0
2129,103,Zombieville USA,0.99,32988,Games,2489,4.0,4.0
2130,4031,Mr Jump,0.0,33282,Games,286,4.5,4.5
2131,5357,Egg!,0.0,33407,Games,5946,4.5,4.5
2132,39,White Noise,0.99,33426,Lifestyle,299,4.0,5.0
2133,6689,Choices: Stories You Play,0.0,33698,Games,543,4.5,4.5
2134,2285,Angry Birds Star Wars II,0.0,33724,Games,64,4.5,4.5
2135,4394,Cooking Dash™,0.0,33808,Games,513,4.0,4.0
2136,10028,Hill Climb Racing 2,0.0,33854,Games,732,4.5,4.5
2137,571,iSlash,0.99,33868,Games,463,4.5,4.5
2138,2864,Rookie Cam - Photo Editor & Filter Camera,0.0,33921,Utility,2404,4.5,4.5
2139,90,Nike+ Training Club - Workouts & Fitness Plans,0.0,33969,Lifestyle,466,3.5,5.0
2140,3210,Dragon Mania Legends: Dragon Breeding Game,0.0,34039,Games,541,4.5,4.5
2141,1767,Angry Birds Star Wars,0.0,34138,Games,7,4.5,3.5
2142,464,Chase Mobile,0.0,34322,Business,3167,4.5,4.5
2143,345,"Badoo - Meet New People, Chat, Socialize.",0.0,34428,Social Networking,23,4.5,4.0
2144,278,Victoria’s Secret – The Sexiest Bras & Lingerie,0.0,34507,Lifestyle,38,3.5,5.0
2145,777,WeChat,0.0,34584,Social Networking,100,4.5,4.0
2146,952,"Photo Lab: Picture Editor, effects & fun face app",0.0,34585,Utility,34,4.5,4.5
2147,1890,LINE PLAY - Your Avatar World,0.0,34677,Social Networking,313,4.5,4.5
2148,2179,Hearthstone,0.0,34694,Games,50,4.0,4.0
2149,3122,Goat Simulator,4.99,34819,Games,167,4.5,4.0
2150,3218,Need for Speed™ No Limits,0.0,34998,Games,402,4.5,4.5
2151,381,Tabs & Chords by Ultimate Guitar - learn and play,2.99,35045,Lifestyle,250,4.5,4.5
2152,903,Fishing Kings Free+,0.0,35058,Games,7453,4.5,4.5
2153,116,Sally's Spa,2.99,35074,Games,403,4.5,4.0
2154,2131,Multiplayer for Minecraft PE,2.99,35109,Games,26,4.0,2.0
2155,657,Gravity Guy,0.99,35161,Games,1316,4.5,4.0
2156,1726,ClassDojo,0.0,35440,Education,122,4.5,5.0
2157,6549,Yu-Gi-Oh! Duel Links,0.0,35570,Games,937,5.0,4.5
2158,3144,Timberman,0.0,35587,Games,118,4.5,4.5
2159,2703,Weather Live Free - Weather Forecast & Alerts,0.0,35702,Travel,3768,4.5,4.5
2160,3780,Angry Birds POP! - Bubble Shooter,0.0,35711,Games,249,4.5,4.5
2161,72,Touchgrind,4.99,35735,Games,378,4.0,4.5
2162,496,Doodle God™,1.99,35759,Games,64,4.5,4.0
2163,867,Flashlight ！,0.0,35769,Utility,21,4.5,2.0
2164,198,Cartoon Wars,0.99,35930,Games,262,3.5,4.0
2165,634,CVS Pharmacy,0.0,35981,Lifestyle,237,4.0,4.0
2166,650,Hotel Dash Deluxe,0.99,36190,Games,221,4.5,4.0
2167,6529,Gin Rummy Plus - Multiplayer Online Card Game,0.0,36355,Games,304,5.0,4.5
2168,2268,Hangouts,0.0,36404,Social Networking,0,4.0,0.0
2169,4229,Unison League,0.0,36414,Games,32,4.5,4.5
2170,2398,The Room Two,1.99,36809,Games,2858,5.0,5.0
2171,1284,Calculator‰,0.0,36879,Utility,12021,4.5,4.5
2172,346,Flick Kick Field Goal,1.99,36946,Games,152,4.5,4.0
2173,2609,Hidden City®: Mystery of Shadows,0.0,37304,Games,198,4.5,4.5
2174,221,2016 US Open Tennis Championships,0.0,37522,Sports,39,4.0,3.0
2175,3119,Best Fiends,0.0,37584,Games,8,4.5,4.5
2176,2132,Infinity Blade III,0.99,37673,Games,9983,4.0,4.5
2177,3120,Bitmoji - Your Personal Emoji,0.0,37972,Utility,783,4.5,4.0
2178,1286,Lep's World Free - platformer games,0.0,38075,Games,1005,4.5,4.5
2179,6046,Zombie Frontier 3 – Top Zombie Shooting Game,0.0,38159,Games,5370,4.5,4.5
2180,4513,letgo: Buy & Sell Second Hand Stuff,0.0,38424,Lifestyle,1022,4.5,4.5
2181,235,Camera Plus: For Macro Photos & Remote Photography,0.99,38533,Utility,36,2.5,3.5
2182,5680,Disney Crossy Road,0.0,38571,Games,1223,4.5,4.5
2183,138,Indeed Job Search,0.0,38681,Business,563,4.0,4.5
2184,2386,Fishdom,0.0,39217,Games,1947,4.5,4.5
2185,1863,FOX NOW - Watch Full Episodes and Stream Live TV,0.0,39391,Lifestyle,1724,4.5,4.5
2186,1570,CBS Full Episodes and Live TV,0.0,39436,Lifestyle,6,2.5,1.5
2187,1547,Photo Editor by Aviary,0.0,39501,Utility,741,4.5,5.0
2188,2117,"MOLDIV - Photo Editor, Collage & Beauty Camera",0.0,39501,Utility,4851,4.5,4.5
2189,1382,Angry Birds Space HD,0.0,39502,Games,13,4.0,4.0
2190,751,Microsoft OneNote,0.0,39638,Productivity,1213,4.5,4.5
2191,385,ESPN Tournament Challenge,0.0,39642,Sports,492,4.0,4.0
2192,397,SCRABBLE Premium for iPad,9.99,39678,Games,114,3.5,3.5
2193,119,iSwap Faces LITE,0.0,39722,Utility,0,3.0,0.0
2194,1414,"Whisper - Share, Express, Meet",0.0,39819,Social Networking,58,4.0,3.0
2195,2266,Jigsaw Puzzle Collection HD,0.0,40227,Games,2371,4.5,4.5
2196,4211,YAHTZEE® With Buddies: The Classic Dice Game,0.0,40446,Games,246,4.0,4.5
2197,1655,Photo Grid - photo collage maker & photo editor,0.0,40531,Utility,10,4.5,4.5
2198,476,Cat Physics,1.99,40552,Games,238,4.5,4.5
2199,5967,NBA LIVE Mobile Basketball,0.0,40619,Games,3279,4.0,4.0
2200,5002,Disney Emoji Blitz,0.0,41036,Games,500,4.5,4.5
2201,1493,The Sandbox - Building & Crafting a Pixel World!,0.0,41108,Games,258,4.5,4.5
2202,2547,Panda Pop,0.0,41214,Games,88,4.5,4.5
2203,1930,Blitz Brigade: Multiplayer FPS shooter online!,0.0,41266,Games,153,4.5,3.5
2204,2365,Real Steel World Robot Boxing,0.0,41277,Games,220,4.5,4.5
2205,2047,Pearl's Peril - Hidden Object Adventures,0.0,41428,Games,20,4.5,4.5
2206,648,Super Stickman Golf,2.99,41446,Games,566,4.5,4.5
2207,47,Fieldrunners,2.99,41633,Games,6,4.0,3.0
2208,3081,World of Tanks Blitz,0.0,41729,Games,677,4.5,2.5
2209,3201,Billionaire – Business Capitalist Tycoon!,0.0,42058,Games,602,4.5,4.5
2210,1803,Bloons TD 5,2.99,42078,Games,141,4.5,4.5
2211,29,Hangman.,0.0,42316,Games,248,3.0,3.5
2212,10321,Flippy Bottle Extreme! - Marker Flip Tricky 2K16,0.0,42435,Games,2957,4.5,4.5
2213,148,Wells Fargo Mobile,0.0,43064,Business,216,3.0,2.5
2214,2950,Soccer Stars™,0.0,43216,Games,264,4.5,4.5
2215,1670,Amazon Prime Video,0.0,43667,Lifestyle,1109,4.0,4.5
2216,264,NBA,0.0,43682,Sports,19,3.5,2.5
2217,2077,CSR Classics,0.0,43770,Games,722,4.5,4.5
2218,552,"Find My Family, Friends & iPhone - Life360 Locator",0.0,43877,Social Networking,80,4.5,4.5
2219,7028,Wooden Block Puzzle - Wood jigsaw fit 1010 matrix,0.0,44237,Games,1219,4.5,5.0
2220,1780,"Ibotta: Cash Back App, Grocery Coupons & Shopping",0.0,44313,Lifestyle,0,4.5,0.0
2221,606,Lane Splitter,0.99,44567,Games,202,4.5,4.5
2222,1388,Ski Safari,0.99,45121,Games,1168,5.0,4.5
2223,8310,Gardenscapes - New Acres,0.0,45227,Games,4795,4.0,4.5
2224,2343,Modern Combat 5 : The Multiplayer eSports Shooter,0.0,45270,Games,763,4.5,4.0
2225,3818,Color Pop Effects - Photo Editor & Picture Editing,0.0,45320,Utility,7896,4.5,4.5
2226,1698,Slayin,0.99,45574,Games,34080,4.5,4.5
2227,9875,Tricky Test 2™: Genius Brain?,0.0,45578,Games,19952,5.0,5.0
2228,2713,NOAA Weather Radar - Weather Forecast & HD Radar,0.0,45696,Travel,2673,4.5,4.5
2229,1817,Fit Brains Trainer,0.0,46363,Education,213,4.5,4.5
2230,3811,Seekers Notes: Hidden Mystery,0.0,46384,Games,3041,4.5,4.5
2231,1868,Gangstar Vegas,0.0,46705,Games,1118,4.5,4.5
2232,1969,Super Stickman Golf 2,0.0,46859,Games,2808,4.5,4.5
2233,1558,Lyft,0.0,46922,Travel,414,4.5,4.5
2234,1648,NBC Sports,0.0,47172,Sports,28,2.5,2.5
2235,1489,Alice in the Mirrors of Albion: Hidden object game,0.0,47382,Games,50,4.0,4.5
2236,817,DIRECTV App for iPad,0.0,47506,Lifestyle,30,3.5,4.0
2237,2708,Calculator Pro for iPad Free - Smart Calculator,0.0,47803,Utility,6883,4.5,4.5
2238,5158,HOOKED - Chat Stories,0.0,47829,Education,708,4.5,4.5
2239,3792,Mahjong Journey®,0.0,47949,Games,4578,4.5,4.5
2240,2509,Castle Clash: Brave Squads,0.0,47963,Games,164,4.0,4.0
2241,1986,Microsoft Word,0.0,47999,Productivity,691,4.5,4.5
2242,2208,Close Up Pics Quiz - Guess the Word Trivia Games,0.0,48032,Games,899,4.5,4.0
2243,84,ABC News - US & World News + Live Video,0.0,48407,Education,20,3.0,3.5
2244,4039,Jelly Jump,0.0,48694,Games,7168,4.5,4.5
2245,91,Citi Mobile®,0.0,48822,Business,193,3.5,4.0
2246,51,Sonos Controller,0.0,48905,Lifestyle,2691,4.5,4.5
2247,1280,Weather Underground: Custom Forecast & Local Radar,0.0,49192,Travel,1649,4.5,4.5
2248,448,Uber,0.0,49466,Travel,150,3.0,2.0
2249,1849,Timehop,0.0,49510,Social Networking,90,3.5,2.0
2250,222,Dropbox,0.0,49578,Productivity,16,3.5,3.0
2251,8306,WordWhizzle Search,0.0,49635,Games,3056,4.5,4.5
2252,1103,PINK Nation,0.0,49816,Lifestyle,413,4.5,4.5
2253,2508,Frozen Free Fall,0.0,50593,Games,3,4.5,5.0
2254,217,BATTLE BEARS: Zombies!,0.99,50710,Games,309,3.5,4.0
2255,1430,"Pic Jointer – Photo Collage, Camera Effects Editor",0.0,51330,Utility,58,4.5,4.5
2256,136,"Shutterfly: Prints, Photo Books, Cards Made Easy",0.0,51427,Utility,874,4.0,5.0
2257,588,POF - Best Dating App for Conversations,0.0,52642,Social Networking,16,3.5,3.5
2258,2626,Cookie Jam,0.0,52831,Games,89,4.5,4.5
2259,5047,Smashy Road: Wanted,0.0,53162,Games,1339,4.5,4.0
2260,2429,WGT Golf Game by Topgolf,0.0,53285,Games,623,4.5,4.5
2261,2280,Evil Apples: A Filthy Adult Card & Party Game,0.0,53415,Games,2938,4.5,4.5
2262,121,NYTimes Crossword - Daily Word Puzzle Game,0.0,53465,Games,204,3.5,4.0
2263,3499,1010!,0.0,53496,Games,321,4.5,4.5
2264,234,Period Tracker Lite,0.0,53620,Lifestyle,2872,4.0,5.0
2265,137,StickWars,0.99,53821,Games,165,3.5,4.0
2266,1118,HB2 PLUS,0.99,54073,Games,73,5.0,4.0
2267,424,Dictionary.com Dictionary & Thesaurus for iPad,0.0,54175,Utility,10176,4.5,4.5
2268,178,2016 U.S. Open Golf Championship,0.0,54192,Sports,32,4.0,2.0
2269,2813,Mixgram - Picture Collage Maker - Pic Photo Editor,0.0,54282,Utility,1440,4.5,4.5
2270,173,The Sims 3,6.99,54408,Games,65,3.5,2.0
2271,1202,Alarm Clock HD Free - Digital Alarm Clock Display,0.0,54496,Utility,252,4.5,4.0
2272,3467,My Talking Angela,0.0,54549,Games,404,4.5,4.5
2273,291,Shop Savvy Barcode Scanner - Price Compare & Deals,0.0,54630,Lifestyle,280,2.5,4.5
2274,5303,Kendall and Kylie,0.0,55011,Games,774,4.5,4.5
2275,5201,Piano Tiles 2™(Don't Tap The White Tile 2),0.0,55077,Games,251,4.5,4.5
2276,492,Apple Store,0.0,55171,Lifestyle,187,3.5,3.5
2277,1415,Emoji>,0.0,55338,Lifestyle,455,4.5,4.5
2278,2103,Racing Rivals,0.0,55548,Games,97,4.0,3.5
2279,1612,Google Chrome – The Fast and Secure Web Browser,0.0,55750,Utility,163,3.5,3.0
2280,2558,My Boo - Virtual Pet with Mini Games for Kids,0.0,55783,Games,521,4.5,4.5
2281,958,NBC – Watch Now and Stream Full TV Episodes,0.0,55950,Lifestyle,248,4.0,3.5
2282,7055,WordWhizzle,0.0,56054,Games,2972,4.5,4.5
2283,719,Capital One Mobile,0.0,56110,Business,57,4.5,4.0
2284,500,Hulu: Watch TV Shows & Stream the Latest Movies,0.0,56170,Lifestyle,1264,2.0,2.0
2285,16,TripAdvisor Hotels Flights Restaurants,0.0,56194,Travel,87,4.0,3.5
2286,821,Talking Tom Cat 2 for iPad,0.0,56399,Lifestyle,98,4.0,4.0
2287,1685,Bingo!™,0.0,56852,Games,6,4.5,3.0
2288,1136,OfferUp - Buy. Sell. Simple.,0.0,57348,Lifestyle,1213,4.5,4.5
2289,57,FOX Sports Mobile,0.0,57500,Sports,103,3.0,4.0
2290,2147,Videoshop - Video Editor,1.99,57878,Utility,6343,4.5,5.0
2291,3155,Elevate - Brain Training and Games,0.0,58092,Education,436,5.0,5.0
2292,2830,"Logos Quiz -Guess the most famous brands, new fun!",0.0,58640,Games,2023,5.0,5.0
2293,4990,Viva™ Slots Las Vegas Classic Casino Games,0.0,58738,Games,2560,4.5,5.0
2294,92,Phase 10 Pro - Play Your Friends!,1.99,59155,Games,101,4.5,2.5
2295,2955,Gummy Drop! – A Match 3 Puzzle Game,0.0,59158,Games,437,4.5,4.5
2296,1421,Google Drive - free online storage,0.0,59255,Productivity,599,4.5,4.5
2297,117,"CBS Sports App - Sports Scores, News, Stats, Watch",0.0,59639,Sports,11,3.0,2.5
2298,954,Skype for iPad,0.0,60163,Social Networking,104,4.0,4.5
2299,294,Redbox,0.0,60236,Lifestyle,58,3.0,4.5
2300,2759,Bowling King,0.0,60271,Games,114,4.5,4.0
2301,4096,Flight Pilot Simulator 3D: Flying Game For Free,0.0,60360,Games,6551,5.0,4.5
2302,2501,Cascade: Fun Spin and Match Puzzle Game,0.0,60488,Games,538,4.5,5.0
2303,836,Countdown‼ (Event Reminders and Timer),0.0,60490,Lifestyle,1102,4.0,4.0
2304,2299,Happy Wheels,0.0,60601,Games,5645,4.5,4.5
2305,107,Match™ - #1 Dating App.,0.0,60659,Social Networking,57,3.0,2.5
2306,1401,USA TODAY,0.0,61724,Education,100,3.5,4.5
2307,3618,WordBubbles!,0.0,62061,Games,2363,4.5,4.5
2308,1015,Cut the Rope: Experiments,0.99,63272,Games,305,4.5,4.5
2309,2747,Criminal Case,0.0,63291,Games,1991,4.5,4.5
2310,288,Call of Duty: Zombies,4.99,63943,Games,31264,4.0,4.0
2311,3015,Google Docs,0.0,64259,Productivity,138,4.5,4.5
2312,2443,MARVEL Spider-Man Unlimited,0.0,64586,Games,330,4.5,4.5
2313,1750,ESPN Fantasy Football Baseball Basketball Hockey,0.0,64925,Sports,1543,4.0,3.5
2314,87,Speedtest by Ookla,0.0,65016,Utility,274,3.5,5.0
2315,3118,LINE: Disney Tsum Tsum,0.0,65155,Games,71,4.5,3.5
2316,1587,MY LITTLE PONY: Magic Princess Quests,0.0,65201,Games,148,4.5,4.0
2317,438,OverDrive – Library eBooks and Audiobooks,0.0,65450,Education,2721,4.0,4.5
2318,2525,Ace Fishing: Wild Catch,0.0,65831,Games,30,4.5,4.5
2319,2043,Solitaire·,0.0,66002,Games,3238,4.5,4.5
2320,4882,Dream League Soccer 2017,0.0,66004,Games,6514,4.5,4.5
2321,6329,Reddit Official App: All That's Trending and Viral,0.0,67560,Education,1442,4.5,4.5
2322,2176,Bloons TD Battles,0.0,67861,Games,173,4.5,4.5
2323,1619,UNO ™ & Friends,0.0,68911,Games,2137,4.0,4.0
2324,7137,Stack,0.0,69368,Games,28389,4.5,4.5
2325,1508,Slots - Pharaoh's Way,0.0,69610,Games,69,4.5,4.0
2326,1577,Trigger Fist,0.0,69624,Games,58269,4.5,4.5
2327,812,Angry Birds Rio HD,0.0,70122,Games,251,4.5,4.0
2328,289,"Walmart: Free 2-Day Shipping,* Easy Store Shopping",0.0,70286,Lifestyle,51,3.0,4.0
2329,1469,Bejeweled Classic HD,0.0,70926,Games,927,4.5,4.5
2330,180,TuneIn Radio Pro - MLB Audiobooks Podcasts Music,9.99,71609,Lifestyle,99,4.5,4.0
2331,34,LinkedIn,0.0,71856,Social Networking,62,3.5,4.5
2332,2660,Xbox,0.0,72187,Lifestyle,909,4.5,4.5
2333,2590,QuizUp™,0.0,72989,Games,327,4.5,3.5
2334,2159,Covet Fashion - The Game for Dresses & Shopping,0.0,75034,Games,66,4.0,4.0
2335,470,"Tango - Free Video Call, Voice and Chat",0.0,75412,Social Networking,66,4.5,4.5
2336,656,Angry Birds Seasons HD,0.0,75714,Games,481,4.0,4.5
2337,2265,Angry Birds Go!,0.0,75793,Games,953,4.0,3.5
2338,3273,Toy Blast,0.0,75822,Games,1321,4.5,4.5
2339,900,Nyan Cat: Lost In Space,0.0,76392,Games,700,4.5,4.5
2340,3423,Daddy Long Legs,0.0,76622,Games,55,4.5,4.5
2341,11,Solitaire by MobilityWare,4.99,76720,Games,4017,4.5,4.5
2342,2612,Trivia Crack (No Ads),2.99,77370,Games,2,4.5,4.5
2343,4438,Block Craft 3D: Building Simulator Game For Free,0.0,78412,Games,11001,4.5,5.0
2344,412,ABC – Watch Live TV & Stream Full Episodes,0.0,78890,Lifestyle,449,3.0,3.5
2345,1586,DEAD TRIGGER,0.0,78918,Games,4345,4.5,4.5
2346,4642,"Egg, Inc.",0.0,79074,Games,8442,5.0,5.0
2347,1042,Zombieville USA 2,0.99,79683,Games,597,4.5,4.5
2348,1449,Flipagram,0.0,79905,Utility,324,4.5,4.5
2349,4144,Blackbox - think outside the box,0.0,80058,Games,444,5.0,5.0
2350,2056,4 Pics 1 Word,0.0,80308,Games,489,4.5,4.5
2351,163,Best Buy,0.0,80424,Lifestyle,46,4.0,4.5
2352,2240,Township,0.0,80801,Games,953,4.5,4.5
2353,120,DIRECTV,0.0,81006,Lifestyle,25,3.5,3.0
2354,2911,Godus,0.0,81311,Games,709,4.5,4.5
2355,2451,Candy Blast Mania,0.0,81648,Games,9,4.5,5.0
2356,370,SoundHound Song Search & Music Player,0.0,82602,Lifestyle,13,4.0,4.5
2357,1606,Hungry Shark Evolution,0.0,83784,Games,358,4.5,4.5
2358,5266,Color Therapy Adult Coloring Book for Adults,0.0,84062,Education,1450,5.0,4.5
2359,2746,Angry Birds Epic RPG,0.0,84680,Games,68,4.5,4.5
2360,3030,Score! Hero,0.0,85395,Games,2856,4.5,4.5
2361,1777,InsTrack for Instagram - Analytics Plus More,0.0,85535,Social Networking,1897,4.5,4.5
2362,974,Scribblenauts Remix,0.99,86127,Games,179,4.5,4.0
2363,3820,Tap Titans,0.0,87898,Games,8763,4.5,5.0
2364,9996,Super Mario Run,0.0,87958,Games,370,2.5,4.0
2365,156,The Moron Test,0.0,88613,Lifestyle,392,4.0,4.5
2366,4130,Google Photos - unlimited photo and video storage,0.0,88742,Utility,1145,5.0,5.0
2367,261,"Walgreens – Pharmacy, Photo, Coupons and Shopping",0.0,88885,Lifestyle,333,4.5,4.0
2368,414,Angry Birds HD,0.0,89110,Games,114,4.5,4.0
2369,2033,Vine Camera,0.0,90355,Utility,150,3.5,1.5
2370,1632,"We Heart It - Fashion, wallpapers, quotes, tattoos",0.0,90414,Social Networking,44,5.0,4.0
2371,1091,Fitbit,0.0,90496,Lifestyle,399,4.0,3.5
2372,7741,PewDiePie's Tuber Simulator,0.0,90851,Games,535,5.0,5.0
2373,1576,Photo Collage Maker & Photo Editor - Live Collage,0.0,93781,Utility,0,4.5,0.0
2374,1372,Angry Birds Space,0.0,95892,Games,2,4.0,1.0
2375,1907,Lumosity - Brain Training,0.0,96534,Education,188,4.5,4.5
2376,471,MeetMe - Chat and Meet New People,0.0,97072,Social Networking,143,4.0,3.5
2377,2886,War Robots,0.0,97122,Games,380,4.5,4.5
2378,1321,The CW,0.0,97368,Lifestyle,9,4.5,3.5
2379,2254,Terraria,4.99,98036,Games,11022,4.5,4.5
2380,864,iFunny :),0.0,98344,Lifestyle,877,3.5,4.5
2381,292,Voice Changer Plus,0.0,98777,Lifestyle,233,3.0,4.0
2382,1037,Flick Home Run !,0.99,98851,Games,478,4.5,4.0
2383,2531,Shadow Fight 2,0.0,99206,Games,1876,4.5,4.5
2384,653,The Calculator - Free and Easy Calculating!,0.0,99244,Utility,1760,4.5,4.5
2385,2186,MLB.com Home Run Derby 17,0.0,100035,Games,195,4.5,3.5
2386,667,Text Free: Free Texting + Calling + MMS,0.0,100477,Lifestyle,35,4.0,4.5
2387,1304,Action Movie FX,0.0,101222,Lifestyle,160,4.5,4.5
2388,1277,DoubleDown Casino & Slots  – Vegas Slot Machines!,0.0,101599,Games,457,4.0,4.0
2389,1491,"Credit Karma: Free Credit Scores, Reports & Alerts",0.0,101679,Business,181,5.0,5.0
2390,619,"Zappos: shop shoes & clothes, fast free shipping",0.0,103655,Lifestyle,39452,5.0,5.0
2391,2993,Family Guy: The Quest for Stuff,0.0,104060,Games,269,4.5,4.0
2392,3971,ZigZag,0.0,104502,Games,20813,4.5,4.0
2393,188,Sleep Cycle alarm clock,0.0,104539,Lifestyle,11,4.5,4.5
2394,520,"Audible – audio books, original series & podcasts",0.0,105274,Education,1774,4.5,4.5
2395,2984,musical.ly - your video social network,0.0,105429,Utility,0,4.5,0.0
2396,12,SCRABBLE Premium,7.99,105776,Games,166,3.5,2.5
2397,1438,Amazon Music,0.0,106235,Lifestyle,4605,4.5,5.0
2398,1228,⋆Solitaire,0.0,106398,Games,12554,4.5,4.5
2399,3128,Angry Birds Transformers,0.0,106434,Games,535,4.5,4.5
2400,157,Sunday Lawn,0.99,107727,Games,55,3.5,4.5
2401,2576,Cooking Fever,0.0,107797,Games,5073,4.5,4.5
2402,7675,slither.io,0.0,107817,Games,11929,3.5,4.0
2403,2400,Game of War - Fire Age,0.0,107916,Games,507,4.0,3.0
2404,69,Target,0.0,108131,Lifestyle,13,3.0,2.0
2405,1810,Hill Climb Racing,0.0,108183,Games,186,4.5,4.5
2406,134,myAT&T,0.0,108507,Utility,628,3.0,3.0
2407,3191,Angry Birds 2,0.0,109104,Games,3636,4.0,4.5
2408,79,Allrecipes Dinner Spinner,0.0,109349,Lifestyle,1540,3.5,5.0
2409,1076,Twitch,0.0,109549,Lifestyle,149,4.5,4.5
2410,2475,Fairway Solitaire Blast,0.0,110062,Games,613,4.5,4.5
2411,803,TuneIn Radio - MLB NBA Audiobooks Podcasts Music,0.0,110420,Lifestyle,370,4.5,4.5
2412,2332,"Monster Legends RPG - War, Fight & Heroes Game",0.0,111579,Games,365,4.5,5.0
2413,2196,Yahoo Weather,0.0,112603,Travel,537,4.5,4.5
2414,1722,Followers - Social Analytics For Instagram,0.0,112778,Social Networking,139,4.5,4.5
2415,242,"CNN: Breaking US & World News, Live Video",0.0,112886,Education,298,3.5,1.5
2416,1912,Yahoo Mail - Keeps You Organized!,0.0,113709,Productivity,18,4.0,4.5
2417,65,OpenTable - Restaurant Reservations,0.0,113936,Lifestyle,150,4.5,5.0
2418,1627,Big Fish Casino – Best Vegas Slot Machines & Games,0.0,113959,Games,707,4.5,4.5
2419,152,Sky Burger - Build & Match Food Free,0.0,114096,Games,2157,4.5,4.0
2420,3935,MORTAL KOMBAT X,0.0,114475,Games,1265,4.5,4.5
2421,1153,Call of Duty: Black Ops Zombies,6.99,116601,Games,5839,4.5,4.5
2422,2151,"Village Life: Love, Marriage and Babies",0.0,116620,Games,6593,4.5,4.5
2423,1874,Beat the Boss 2,0.0,117338,Games,22708,4.5,4.5
2424,5666,Geometry Dash Meltdown,0.0,117470,Games,117470,4.5,4.5
2425,215,Mad Libs,0.0,117889,Lifestyle,725,3.0,4.5
2426,1431,Smule Sing!,0.0,119316,Lifestyle,33,4.5,4.0
2427,7,PayPal - Send and request money safely,0.0,119487,Business,879,4.0,4.5
2428,14,Bank of America - Mobile Banking,0.0,119773,Business,2336,3.5,4.5
2429,1596,Bubble Mania™,0.0,122081,Games,49,4.5,4.0
2430,3600,Star Wars™: Galaxy of Heroes,0.0,122260,Games,1944,4.5,4.5
2431,2214,Tetris® Blitz,0.0,122868,Games,176,4.5,4.0
2432,1788,Clumsy Ninja,0.0,123032,Games,608,4.5,4.5
2433,176,Guess My Age  Math Magic,0.0,123190,Education,68841,3.0,3.0
2434,31,iTranslate - Language Translator & Dictionary,0.0,123215,Productivity,25,3.5,5.0
2435,3020,Funimate video editor: add cool effects to videos,0.0,123268,Utility,64,4.5,4.5
2436,1010,Pic Collage - Picture Editor & Photo Collage Maker,0.0,123433,Utility,1521,5.0,5.0
2437,2353,My Talking Tom,0.0,123859,Games,1174,4.5,4.5
2438,1379,▻Solitaire,0.0,124618,Games,8588,4.5,4.5
2439,2101,Smash Hit,0.0,126233,Games,22200,4.5,4.5
2440,71,"Amazon App: shop, scan, compare, and read reviews",0.0,126312,Lifestyle,22,3.5,3.0
2441,791,My Verizon,0.0,126948,Utility,107245,4.5,4.5
2442,639,Spider Solitaire Free by MobilityWare,0.0,128739,Games,5515,4.5,4.5
2443,532,Flashlight Ⓞ,0.0,130450,Utility,1010,5.0,4.5
2444,1501,My Singing Monsters,0.0,130519,Games,1445,4.5,5.0
2445,547,shopkick - Shopping Rewards & Discounts,0.0,130823,Lifestyle,29363,4.5,5.0
2446,1012,Where's My Water?,1.99,131656,Games,484,4.5,4.0
2447,816,Magic Piano by Smule,0.0,131695,Lifestyle,1102,4.5,4.0
2448,443,Fox News,0.0,132703,Education,394,4.0,3.0
2449,3045,Candy Crush Soda Saga,0.0,133394,Games,101,4.5,4.5
2450,2230,Sniper Shooter: Gun Shooting Games,0.0,134080,Games,451,5.0,5.0
2451,270,SoundCloud - Music & Audio,0.0,135744,Lifestyle,594,4.0,4.5
2452,824,"Gmail - email by Google: secure, fast & organized",0.0,135962,Productivity,677,4.0,4.5
2453,241,Weight Watchers,0.0,136833,Lifestyle,64,3.5,4.5
2454,3059,Summoners War,0.0,137122,Games,336,4.5,4.0
2455,24,"Yahoo Sports - Teams, Scores, News & Highlights",0.0,137951,Sports,131,4.0,4.5
2456,1349,Jigsaw Puzzle,0.0,138726,Games,385,4.5,4.5
2457,3192,Two Dots,0.0,139486,Games,137,4.5,4.5
2458,964,Racing Penguin Free - Top Flying and Diving Game,0.0,141224,Games,1909,4.5,4.5
2459,2111,Iron Force,0.0,141634,Games,1655,5.0,4.0
2460,1573,Wish - Shopping Made Fun,0.0,141960,Lifestyle,579,4.5,4.5
2461,1695,Tinder,0.0,143040,Lifestyle,114,3.5,4.0
2462,1534,Plague Inc.,0.99,143285,Games,406,4.5,4.5
2463,1721,The Room,0.99,143908,Games,1056,5.0,5.0
2464,82,AccuWeather - Weather for Life,0.0,144214,Travel,2162,3.5,4.0
2465,5913,Color Switch,0.0,145043,Games,147,4.5,4.5
2466,713,GasBuddy,0.0,145549,Travel,330,4.5,4.5
2467,133,The Masters Tournament,0.0,148160,Sports,63,4.5,3.5
2468,2826,Jurassic World™: The Game,0.0,149138,Games,913,4.5,4.5
2469,194,MyRadar NOAA Weather Radar Forecast,0.0,150158,Travel,3392,4.5,5.0
2470,2247,Dumb Ways to Die,0.0,151559,Games,866,4.5,4.5
2471,1003,Infinity Blade II,0.99,153588,Games,595,4.5,4.5
2472,1968,Google Maps - Navigation & Transit,0.0,154911,Travel,1253,4.5,4.0
2473,2348,Episode - Choose Your Story,0.0,155903,Games,713,4.5,4.5
2474,3005,2048,0.0,157882,Games,4710,4.5,4.5
2475,3422,aa,0.0,158845,Games,112,4.5,4.0
2476,8885,Bowmasters - Top Multiplayer Bowman Archery Game,0.0,159323,Games,24387,4.5,4.5
2477,862,WatchESPN,0.0,159735,Sports,2556,4.0,4.5
2478,2874,Words with Friends – Best Word Game,0.0,160668,Games,613,4.5,4.0
2479,2,Evernote - stay organized,0.0,161065,Productivity,26,4.0,3.5
2480,1853,"Duolingo - Learn Spanish, French and more",0.0,162701,Education,1881,4.5,4.5
2481,396,Plants vs. Zombies HD,0.99,163598,Games,503,5.0,4.0
2482,544,Viber Messenger – Text & Call,0.0,164249,Social Networking,206,4.5,4.5
2483,1344,Highway Rider,0.0,164377,Games,78,4.5,4.0
2484,1758,Real Racing 3,0.0,164483,Games,171,4.5,4.5
2485,161,TextNow - Unlimited Text + Calls,0.0,164963,Social Networking,69,3.5,4.0
2486,1646,The Secret Society® - Hidden Mystery,0.0,168674,Games,252,4.0,4.5
2487,811,Angry Birds Rio,0.0,170843,Games,123,4.5,4.0
2488,245,TRUTH or DARE!!! - FREE,0.0,171055,Lifestyle,31,3.0,3.5
2489,3032,Piano Tiles (Don't Tap The White Tile),0.0,172686,Games,2026,4.5,4.0
2490,4673,Agar.io,0.0,176514,Games,1310,4.5,4.0
2491,860,"ooVoo – Free Video Call, Text and Voice",0.0,177501,Social Networking,1014,4.5,4.5
2492,1956,Deer Hunter Classic,0.0,179111,Games,167,4.5,4.5
2493,3363,Call of Duty®: Heroes,0.0,179416,Games,839,4.5,4.5
2494,37,Blackjack by MobilityWare,0.0,180087,Games,1101,3.5,4.5
2495,3666,AdVenture Capitalist,0.0,181359,Games,11269,4.5,5.0
2496,1860,Daily Celebrity Crossword,0.0,181384,Games,1766,4.0,4.5
2497,1232,Bejeweled Classic,0.0,183259,Games,804,4.5,4.0
2498,309,IMDb Movies & TV - Trailers and Showtimes,0.0,183425,Lifestyle,4724,4.5,5.0
2499,884,ROBLOX,0.0,183621,Games,300,4.5,4.5
2500,2093,Pictoword: Fun 2 Pics Guess What's the Word Trivia,0.0,186089,Games,1010,5.0,4.5
2501,322,Glow Hockey 2 FREE,0.0,186653,Games,226,3.5,3.5
2502,99,Beer Pong Game,0.0,187315,Games,9,2.0,4.0
2503,89,Pocket God,0.99,187529,Lifestyle,1071,4.0,4.0
2504,2118,Farm Heroes Saga,0.0,187579,Games,286,4.5,4.5
2505,943,Magic Jigsaw Puzzles,0.0,187666,Games,1263,4.5,4.5
2506,2134,Asphalt 8: Airborne,0.0,188568,Games,2850,4.5,4.5
2507,3,"WeatherBug - Local Weather, Radar, Maps, Alerts",0.0,188583,Travel,2822,3.5,4.5
2508,225,Yahoo Fantasy Sports,0.0,190670,Sports,19,3.5,2.5
2509,2070,Real Basketball,0.0,198050,Games,94315,4.5,4.5
2510,3514,SimCity BuildIt,0.0,198338,Games,2078,4.5,4.5
2511,4591,Fallout Shelter,0.0,199396,Games,1131,4.5,4.5
2512,130,Dictionary.com Dictionary & Thesaurus,0.0,200047,Utility,177,4.0,4.0
2513,415,"The Weather Channel App for iPad – best local forecast, radar map, and storm tracking",0.0,208648,Travel,25664,4.0,4.5
2514,193,Traffic Rush,0.99,213092,Games,51,3.5,4.5
2515,2358,Can You Escape,0.0,218024,Games,1734,4.5,4.5
2516,800,Tiny Wings,0.99,219418,Games,328,4.5,4.5
2517,1148,Bejeweled Blitz,0.0,221002,Games,131,4.0,4.0
2518,18,"Yelp - Nearby Restaurants, Shopping & Services",0.0,223885,Travel,3726,4.0,4.5
2519,3071,MADDEN NFL Mobile,0.0,230289,Games,411,4.5,4.5
2520,83,"Mint: Personal Finance, Budget, Bills & Money",0.0,232940,Business,683,4.0,4.5
2521,76,Chase Mobile℠,0.0,233270,Business,14625,4.5,4.5
2522,3338,MARVEL Contest of Champions,0.0,233599,Games,299,4.5,4.5
2523,2426,Boom Beach,0.0,241929,Games,2013,4.5,4.5
2524,4871,Colorfy: Coloring Book for Adults,0.0,247809,Lifestyle,217,4.5,4.5
2525,93,"Kindle – Read eBooks, Magazines & Textbooks",0.0,252076,Education,80,3.5,4.5
2526,3031,Star Wars™: Commander,0.0,253448,Games,315,4.5,4.5
2527,3254,CSR Racing 2,0.0,257100,Games,2025,5.0,5.0
2528,7818,Pokémon GO,0.0,257627,Games,1284,3.0,3.5
2529,922,Domino's Pizza USA,0.0,258624,Lifestyle,2481,5.0,4.5
2530,375,Kik,0.0,260965,Social Networking,228,4.0,3.0
2531,4,"eBay: Best App to Buy, Sell, Save! Online Shopping",0.0,262241,Lifestyle,649,4.0,4.5
2532,2180,Geometry Dash,1.99,266440,Games,6263,5.0,4.5
2533,5892,Clash Royale,0.0,266921,Games,3967,4.5,4.0
2534,2071,Plants vs. Zombies™ 2,0.0,267394,Games,1763,4.5,4.5
2535,1359,The Simpsons™: Tapped Out,0.0,274501,Games,44,4.0,4.0
2536,1793,Dragon City Mobile,0.0,277268,Games,223,4.5,4.5
2537,1660,"YouTube - Watch Videos, Music, and Live Streams",0.0,278166,Utility,0,2.5,0.0
2538,10224,Word Cookies!,0.0,287095,Games,16109,4.5,4.5
2539,140,WhatsApp Messenger,0.0,287589,Social Networking,73088,4.5,4.5
2540,171,"ESPN: Get scores, news, alerts & watch live sports",0.0,290996,Sports,150,3.5,3.5
2541,125,Fandango Movies - Times + Tickets,0.0,291787,Lifestyle,589,4.0,5.0
2542,40,iHeartRadio – Free Music & Radio Stations,0.0,293228,Lifestyle,110,4.0,3.0
2543,814,My Horse,0.0,293857,Games,249,4.5,4.0
2544,1871,Temple Run 2,0.0,295211,Games,91,4.5,4.0
2545,2250,Pixel Gun 3D,0.0,301182,Games,3493,4.5,4.5
2546,238,Starbucks,0.0,303856,Lifestyle,7027,4.5,4.5
2547,404,Netflix,0.0,308844,Lifestyle,139,3.5,3.0
2548,997,Snapchat,0.0,323905,Utility,576,2.5,3.0
2549,568,Infinity Blade,0.99,326482,Games,177050,5.0,5.0
2550,693,Fruit Ninja®,0.0,327025,Games,82,4.5,4.0
2551,105,Tumblr,0.0,334293,Social Networking,919,4.0,4.0
2552,142,Zillow Real Estate - Homes for Sale & for Rent,0.0,342969,Lifestyle,88478,4.5,4.5
2553,197,"Waze - GPS Navigation, Maps & Real-time Traffic",0.0,345046,Travel,3040,4.5,4.5
2554,1041,Messenger,0.0,351466,Social Networking,892,3.0,3.0
2555,251,Twitter,0.0,354058,Education,452,3.5,4.0
2556,434,▻Sudoku,0.0,359832,Games,17119,4.5,5.0
2557,1300,Draw Something,2.99,360974,Games,3,4.5,4.5
2558,2537,Geometry Dash Lite,0.0,370370,Games,2650,5.0,4.5
2559,104,Skype for iPhone,0.0,373519,Social Networking,127,3.5,4.0
2560,68,Lose It! – Weight Loss Program and Calorie Counter,0.0,373835,Lifestyle,402,4.0,4.5
2561,1539,Flow Free,0.0,373857,Games,3428,4.5,4.5
2562,3694,Sniper 3D Assassin: Shoot to Kill Gun Game,0.0,386521,Games,10332,5.0,5.0
2563,2564,WordBrain,0.0,391401,Games,82,4.5,4.5
2564,2319,Trivia Crack,0.0,393469,Games,34,4.5,3.5
2565,122,Doodle Jump,0.99,395261,Games,88,4.5,4.5
2566,3089,Kim Kardashian: Hollywood,0.0,397730,Games,467,4.5,4.5
2567,20,"Shazam - Discover music, artists, videos & lyrics",0.0,402925,Lifestyle,136,4.0,4.5
2568,1436,Bike Race - Top Motorcycle Racing Games,0.0,405007,Games,4053,4.5,5.0
2569,1057,Jetpack Joyride,0.0,405647,Games,877,4.5,4.5
2570,823,Tiny Tower - Free City Building,0.0,414803,Games,4536,4.5,4.5
2571,1654,8 Ball Pool™,0.0,416736,Games,19076,4.5,4.5
2572,356,"Groupon - Deals, Coupons & Discount Shopping App",0.0,417779,Lifestyle,914,4.5,4.5
2573,1950,Sonic Dash,0.0,418033,Games,419,4.5,4.5
2574,341,Plants vs. Zombies,0.99,426463,Games,680,5.0,4.0
2575,53,Google Earth,0.0,446185,Travel,1359,3.5,3.5
2576,1119,The Sims™ FreePlay,0.0,446880,Games,1832,4.5,4.0
2577,2064,Despicable Me: Minion Rush,0.0,464312,Games,444,4.5,4.5
2578,13,Google – Search made just for mobile,0.0,479440,Utility,203,3.5,4.0
2579,1289,Head Soccer,0.0,481564,Games,8518,5.0,5.0
2580,62,"The Weather Channel: Forecast, Radar & Alerts",0.0,495626,Travel,5893,3.5,4.5
2581,944,DragonVale,0.0,503230,Games,282,4.5,4.5
2582,299,Calorie Counter & Diet Tracker by MyFitnessPal,0.0,507706,Lifestyle,181,4.5,4.5
2583,55,PAC-MAN,0.0,508808,Games,99,3.0,4.5
2584,1230,Minecraft: Pocket Edition,6.99,522012,Games,1148,4.5,4.5
2585,1378,Clear Vision (17+),0.99,541693,Games,69225,4.5,4.5
2586,1417,Hay Day,0.0,567344,Games,4887,4.5,4.5
2587,1895,Injustice: Gods Among Us,0.0,612532,Games,410,4.5,4.5
2588,3637,Crossy Road - Endless Arcade Hopper,0.0,669079,Games,1087,4.5,4.5
2589,1143,CSR Racing,0.0,677247,Games,2029,4.5,4.5
2590,386,Solitaire,0.0,679055,Games,9673,4.5,4.5
2591,393,Fruit Ninja Classic,1.99,698516,Games,132,4.5,4.0
2592,1450,Subway Surfers,0.0,706110,Games,97,4.5,4.0
2593,310,Angry Birds,0.0,824451,Games,107,4.5,3.0
2594,202,Spotify Music,0.0,878563,Lifestyle,8253,4.5,4.5
2595,1731,Candy Crush Saga,0.0,961794,Games,2453,4.5,4.5
2596,5,Bible,0.0,985920,Utility,5320,4.5,5.0
2597,863,Pinterest,0.0,1061624,Social Networking,1814,4.5,4.0
2598,8,Pandora - Music & Radio,0.0,1126879,Lifestyle,3594,4.0,4.5
2599,810,Temple Run,0.0,1724546,Games,3842,4.5,4.0
2600,1561,Clash of Clans,0.0,2130805,Games,579,4.5,4.5
2601,591,Instagram,0.0,2161558,Utility,1289,4.5,4.0
2602,17,Facebook,0.0,2974676,Social Networking,212,3.5,3.5
